,date,week_day,month,daily_income,unique_visitors
0,2018-06-23,5,6,2000.0,4
1,2018-06-24,6,6,2750.0,17
2,2018-06-25,0,6,6350.0,15
3,2018-06-26,1,6,2950.0,15
4,2018-06-27,2,6,2300.0,9
5,2018-06-28,3,6,2100.0,12
6,2018-06-29,4,6,400.0,7
7,2018-06-30,5,6,5550.0,18
8,2018-07-01,6,7,5285.0,13
9,2018-07-02,0,7,3860.0,9
10,2018-07-03,1,7,6500.0,14
11,2018-07-04,2,7,4050.0,10
12,2018-07-05,3,7,6000.0,11
13,2018-07-06,4,7,4030.0,11
14,2018-07-07,5,7,8040.0,13
15,2018-07-08,6,7,6255.0,14
16,2018-07-09,0,7,3800.0,11
17,2018-07-10,1,7,7900.0,15
18,2018-07-11,2,7,7890.0,15
19,2018-07-12,3,7,2700.0,12
20,2018-07-13,4,7,3750.0,8
21,2018-07-14,5,7,7450.0,15
22,2018-07-15,6,7,10850.0,23
23,2018-07-16,0,7,3750.0,11
24,2018-07-17,1,7,3300.0,10
25,2018-07-18,2,7,3050.0,10
26,2018-07-19,3,7,4250.0,12
27,2018-07-20,4,7,4350.0,15
28,2018-07-21,5,7,5550.0,17
29,2018-07-22,6,7,2800.0,10
30,2018-07-23,0,7,2400.0,13
31,2018-07-24,1,7,2250.0,6
32,2018-07-25,2,7,4000.0,10
33,2018-07-26,3,7,4550.0,12
34,2018-07-27,4,7,4200.0,13
35,2018-07-28,5,7,5550.0,13
36,2018-07-29,6,7,3200.0,12
37,2018-07-30,0,7,1800.0,9
38,2018-07-31,1,7,1520.0,9
39,2018-08-01,2,8,2550.0,10
40,2018-08-02,3,8,5500.0,13
41,2018-08-03,4,8,4250.0,16
42,2018-08-04,5,8,5300.0,11
43,2018-08-05,6,8,6570.0,12
44,2018-08-06,0,8,2400.0,11
45,2018-08-07,1,8,4560.0,13
46,2018-08-08,2,8,4850.0,13
47,2018-08-09,3,8,6950.0,13
48,2018-08-10,4,8,3450.0,9
49,2018-08-11,5,8,4250.0,14
50,2018-08-12,6,8,4860.0,9
51,2018-08-13,0,8,2600.0,11
52,2018-08-14,1,8,3035.0,11
53,2018-08-15,2,8,5350.0,16
54,2018-08-16,3,8,1600.0,7
55,2018-08-17,4,8,5550.0,10
56,2018-08-18,5,8,3850.0,17
57,2018-08-19,6,8,4050.0,14
58,2018-08-20,0,8,1000.0,6
59,2018-08-21,1,8,2900.0,9
60,2018-08-22,2,8,5360.0,16
61,2018-08-23,3,8,1850.0,6
62,2018-08-24,4,8,2250.0,10
63,2018-08-25,5,8,6550.0,16
64,2018-08-26,6,8,5000.0,13
65,2018-08-27,0,8,3250.0,13
66,2018-08-28,1,8,7950.0,10
67,2018-08-29,2,8,3150.0,9
68,2018-08-30,3,8,5200.0,12
69,2018-08-31,4,8,11050.0,9
70,2018-09-01,5,9,5700.0,21
71,2018-09-02,6,9,5300.0,16
72,2018-09-03,0,9,4200.0,13
73,2018-09-04,1,9,6300.0,12
74,2018-09-05,2,9,4850.0,10
75,2018-09-06,3,9,5900.0,17
76,2018-09-07,4,9,6100.0,18
77,2018-09-08,5,9,7900.0,23
78,2018-09-09,6,9,6400.0,16
79,2018-09-10,0,9,6570.0,13
80,2018-09-11,1,9,4750.0,13
81,2018-09-12,2,9,6320.0,16
82,2018-09-13,3,9,2950.0,11
83,2018-09-14,4,9,3300.0,14
84,2018-09-15,5,9,4330.0,15
85,2018-09-16,6,9,10960.0,21
86,2018-09-17,0,9,3470.0,12
87,2018-09-18,1,9,2800.0,10
88,2018-09-19,2,9,4610.0,14
89,2018-09-20,3,9,2680.0,8
90,2018-09-22,5,9,5470.0,14
91,2018-09-23,6,9,9870.0,20
92,2018-09-24,0,9,4950.0,15
93,2018-09-25,1,9,2000.0,13
94,2018-09-26,2,9,2550.0,14
95,2018-09-27,3,9,3350.0,16
96,2018-09-28,4,9,10220.0,19
97,2018-09-29,5,9,11790.0,18
98,2018-09-30,6,9,8000.0,20
99,2018-10-01,0,10,3900.0,11
100,2018-10-02,1,10,8560.0,13
101,2018-10-03,2,10,5100.0,13
102,2018-10-04,3,10,6050.0,11
103,2018-10-05,4,10,5900.0,11
104,2018-10-06,5,10,14700.0,24
105,2018-10-07,6,10,13320.0,20
106,2018-10-08,0,10,200.0,1
107,2018-10-09,1,10,0.0,2
108,2018-10-10,2,10,5650.0,10
109,2018-10-11,3,10,1400.0,10
110,2018-10-12,4,10,5520.0,8
111,2018-10-13,5,10,6450.0,13
112,2018-10-14,6,10,6700.0,16
113,2018-10-15,0,10,3000.0,9
114,2018-10-16,1,10,3750.0,12
115,2018-10-17,2,10,2200.0,10
116,2018-10-18,3,10,2300.0,9
117,2018-10-19,4,10,3800.0,9
118,2018-10-20,5,10,11200.0,18
119,2018-10-21,6,10,8000.0,13
120,2018-10-22,0,10,4300.0,9
121,2018-10-23,1,10,1300.0,7
122,2018-10-24,2,10,1150.0,9
123,2018-10-25,3,10,2610.0,7
124,2018-10-26,4,10,4300.0,14
125,2018-10-27,5,10,6070.0,17
126,2018-10-28,6,10,8610.0,22
127,2018-10-29,0,10,1850.0,10
128,2018-10-30,1,10,1200.0,7
129,2018-10-31,2,10,3410.0,11
130,2018-11-01,3,11,2600.0,7
131,2018-11-02,4,11,6600.0,14
132,2018-11-03,5,11,10850.0,18
133,2018-11-04,6,11,11360.0,20
134,2018-11-05,0,11,2600.0,15
135,2018-11-06,1,11,1900.0,8
136,2018-11-07,2,11,2950.0,13
137,2018-11-08,3,11,6970.0,10
138,2018-11-09,4,11,5300.0,16
139,2018-11-10,5,11,9500.0,16
140,2018-11-11,6,11,7020.0,18
141,2018-11-12,0,11,4450.0,9
142,2018-11-13,1,11,5600.0,9
143,2018-11-14,2,11,3950.0,14
144,2018-11-15,3,11,800.0,10
145,2018-11-16,4,11,8200.0,17
146,2018-11-17,5,11,4100.0,9
147,2018-11-18,6,11,7500.0,13
148,2018-11-19,0,11,2800.0,8
149,2018-11-20,1,11,4400.0,11
150,2018-11-21,2,11,3550.0,9
151,2018-11-22,3,11,2850.0,10
152,2018-11-23,4,11,5600.0,14
153,2018-11-24,5,11,9900.0,18
154,2018-11-25,6,11,3700.0,10
155,2018-11-26,0,11,3550.0,8
156,2018-11-27,1,11,2000.0,7
157,2018-11-28,2,11,5110.0,9
158,2018-11-29,3,11,3150.0,10
159,2018-11-30,4,11,3250.0,16
160,2018-12-01,5,12,6550.0,16
161,2018-12-02,6,12,3370.0,13
162,2018-12-03,0,12,2250.0,11
163,2018-12-04,1,12,2310.0,14
164,2018-12-05,2,12,2350.0,11
165,2018-12-06,3,12,2050.0,11
166,2018-12-07,4,12,4160.0,11
167,2018-12-08,5,12,3750.0,11
168,2018-12-09,6,12,1500.0,9
169,2018-12-10,0,12,2900.0,11
170,2018-12-11,1,12,1900.0,9
171,2018-12-12,2,12,1950.0,7
172,2018-12-13,3,12,2110.0,11
173,2018-12-14,4,12,3450.0,16
174,2018-12-15,5,12,3350.0,13
175,2018-12-16,6,12,2750.0,12
176,2018-12-17,0,12,2400.0,10
177,2018-12-18,1,12,1800.0,10
178,2018-12-19,2,12,1650.0,11
179,2018-12-20,3,12,4900.0,14
180,2018-12-21,4,12,3400.0,12
181,2018-12-22,5,12,4300.0,14
182,2018-12-23,6,12,800.0,7
183,2018-12-24,0,12,3900.0,15
184,2018-12-25,1,12,2300.0,11
185,2018-12-26,2,12,2450.0,6
186,2018-12-27,3,12,2550.0,12
187,2018-12-28,4,12,3970.0,11
188,2018-12-29,5,12,8550.0,14
189,2018-12-30,6,12,1250.0,13
190,2018-12-31,0,12,0.0,4
191,2019-01-01,1,1,2600.0,7
192,2019-01-02,2,1,2750.0,13
193,2019-01-03,3,1,4550.0,14
194,2019-01-04,4,1,3150.0,10
195,2019-01-05,5,1,1250.0,9
196,2019-01-06,6,1,4300.0,13
197,2019-01-07,0,1,6860.0,20
198,2019-01-08,1,1,4200.0,15
199,2019-01-09,2,1,1000.0,10
200,2019-01-10,3,1,1950.0,13
201,2019-01-11,4,1,3100.0,12
202,2019-01-12,5,1,2850.0,14
203,2019-01-13,6,1,4520.0,15
204,2019-01-14,0,1,2050.0,9
205,2019-01-15,1,1,3470.0,11
206,2019-01-16,2,1,2660.0,9
207,2019-01-17,3,1,2350.0,9
208,2019-01-18,4,1,3400.0,13
209,2019-01-19,5,1,4500.0,11
210,2019-01-20,6,1,7020.0,18
211,2019-01-21,0,1,1700.0,9
212,2019-01-22,1,1,1060.0,6
213,2019-01-23,2,1,2300.0,9
214,2019-01-24,3,1,1750.0,8
215,2019-01-25,4,1,3450.0,10
216,2019-01-26,5,1,4460.0,17
217,2019-01-27,6,1,4320.0,16
218,2019-01-28,0,1,550.0,5
219,2019-01-29,1,1,2240.0,11
220,2019-01-30,2,1,800.0,7
221,2019-01-31,3,1,3700.0,12
222,2019-02-01,4,2,3950.0,15
223,2019-02-02,5,2,6070.0,16
224,2019-02-03,6,2,7860.0,14
225,2019-02-04,0,2,2950.0,10
226,2019-02-05,1,2,1250.0,8
227,2019-02-06,2,2,1100.0,6
228,2019-02-07,3,2,2550.0,10
229,2019-02-08,4,2,4820.0,11
230,2019-02-09,5,2,5320.0,19
231,2019-02-10,6,2,3100.0,13
232,2019-02-11,0,2,1550.0,7
233,2019-02-12,1,2,3700.0,12
234,2019-02-13,2,2,1800.0,7
235,2019-02-14,3,2,4010.0,13
236,2019-02-15,4,2,1000.0,7
237,2019-02-16,5,2,4630.0,15
238,2019-02-17,6,2,4110.0,12
239,2019-02-18,0,2,3050.0,9
240,2019-02-19,1,2,3700.0,10
241,2019-02-20,2,2,1150.0,6
242,2019-02-21,3,2,1500.0,11
243,2019-02-22,4,2,9700.0,13
244,2019-02-23,5,2,6520.0,16
245,2019-02-24,6,2,7360.0,12
246,2019-02-25,0,2,2850.0,10
247,2019-02-26,1,2,150.0,3
248,2019-02-27,2,2,1910.0,9
249,2019-02-28,3,2,2800.0,11
250,2019-03-01,4,3,5550.0,19
251,2019-03-02,5,3,5080.0,14
252,2019-03-03,6,3,2800.0,12
253,2019-03-04,0,3,1150.0,6
254,2019-03-05,1,3,1350.0,5
255,2019-03-06,2,3,1950.0,8
256,2019-03-07,3,3,4050.0,12
257,2019-03-08,4,3,1970.0,9
258,2019-03-09,5,3,4190.0,12
259,2019-03-10,6,3,1050.0,8
260,2019-03-11,0,3,740.0,4
261,2019-03-12,1,3,3320.0,16
262,2019-03-13,2,3,1450.0,6
263,2019-03-14,3,3,2150.0,10
264,2019-03-15,4,3,3700.0,13
265,2019-03-16,5,3,6890.0,19
266,2019-03-17,6,3,8100.0,15
267,2019-03-18,0,3,2250.0,10
268,2019-03-19,1,3,2270.0,14
269,2019-03-20,2,3,1900.0,9
270,2019-03-21,3,3,3550.0,12
271,2019-03-22,4,3,3040.0,10
272,2019-03-23,5,3,6700.0,14
273,2019-03-24,6,3,3410.0,16
274,2019-03-25,0,3,3350.0,10
275,2019-03-26,1,3,250.0,6
276,2019-03-27,2,3,4020.0,13
277,2019-03-28,3,3,5100.0,13
278,2019-03-29,4,3,3870.0,13
279,2019-03-30,5,3,9900.0,17
280,2019-03-31,6,3,3440.0,11
281,2019-04-01,0,4,3370.0,11
282,2019-04-02,1,4,2660.0,7
283,2019-04-03,2,4,2400.0,8
284,2019-04-04,3,4,2450.0,10
285,2019-04-05,4,4,4950.0,18
286,2019-04-06,5,4,5000.0,12
287,2019-04-07,6,4,2650.0,13
288,2019-04-08,0,4,1500.0,7
289,2019-04-09,1,4,700.0,4
290,2019-04-10,2,4,450.0,5
291,2019-04-11,3,4,1700.0,4
292,2019-04-12,4,4,1170.0,5
293,2019-04-13,5,4,8660.0,22
294,2019-04-14,6,4,2820.0,10
295,2019-04-15,0,4,1150.0,6
296,2019-04-16,1,4,2200.0,11
297,2019-04-17,2,4,1550.0,8
298,2019-04-18,3,4,1350.0,7
299,2019-04-19,4,4,1740.0,6
300,2019-04-20,5,4,2720.0,13
301,2019-04-21,6,4,2500.0,9
302,2019-04-22,0,4,950.0,4
303,2019-04-23,1,4,2350.0,8
304,2019-04-24,2,4,550.0,4
305,2019-04-25,3,4,1550.0,7
306,2019-04-26,4,4,2400.0,8
307,2019-04-27,5,4,1640.0,9
308,2019-04-28,6,4,1550.0,11
309,2019-04-29,0,4,400.0,3
310,2019-04-30,1,4,4150.0,10
311,2019-05-01,2,5,1100.0,7
312,2019-05-02,3,5,900.0,6
313,2019-05-03,4,5,900.0,6
314,2019-05-04,5,5,1200.0,6
315,2019-05-05,6,5,1750.0,5
316,2019-05-06,0,5,1820.0,10
317,2019-05-07,1,5,850.0,6
318,2019-05-08,2,5,11820.0,6
319,2019-05-09,3,5,2400.0,6
320,2019-05-10,4,5,4600.0,13
321,2019-05-11,5,5,4420.0,9
322,2019-05-12,6,5,2950.0,9
323,2019-05-13,0,5,1270.0,7
324,2019-05-14,1,5,0.0,3
325,2019-05-15,2,5,2350.0,4
326,2019-05-16,3,5,400.0,6
327,2019-05-17,4,5,1500.0,6
328,2019-05-18,5,5,4400.0,8
329,2019-05-19,6,5,1750.0,7
330,2019-05-20,0,5,1300.0,5
331,2019-05-21,1,5,1650.0,7
332,2019-05-22,2,5,1020.0,5
333,2019-05-23,3,5,1400.0,7
334,2019-05-24,4,5,1050.0,4
335,2019-05-25,5,5,3220.0,8
336,2019-05-26,6,5,1940.0,8
337,2019-05-27,0,5,700.0,6
338,2019-05-28,1,5,1300.0,7
339,2019-05-29,2,5,2350.0,5
340,2019-05-30,3,5,1440.0,5
341,2019-05-31,4,5,1950.0,3
342,2019-06-01,5,6,6500.0,9
343,2019-06-02,6,6,450.0,2
344,2019-06-03,0,6,970.0,7
345,2019-06-04,1,6,1430.0,4
346,2019-06-05,2,6,1600.0,6
347,2019-06-06,3,6,2500.0,7
348,2019-06-07,4,6,2100.0,9
349,2019-06-08,5,6,2320.0,4
350,2019-06-09,6,6,2870.0,7
351,2019-06-10,0,6,750.0,5
352,2019-06-11,1,6,3500.0,10
353,2019-06-12,2,6,3500.0,7
354,2019-06-13,3,6,930.0,6
355,2019-06-14,4,6,2650.0,7
356,2019-06-15,5,6,3960.0,11
357,2019-06-16,6,6,0.0,3
358,2019-06-17,0,6,1800.0,6
359,2019-06-18,1,6,1850.0,6
360,2019-06-19,2,6,1170.0,5
361,2019-06-20,3,6,1000.0,3
362,2019-06-21,4,6,3150.0,10
363,2019-06-22,5,6,5050.0,12
364,2019-06-23,6,6,1300.0,6
365,2019-06-24,0,6,2540.0,5
366,2019-06-25,1,6,2140.0,9
367,2019-06-26,2,6,1000.0,6
368,2019-06-27,3,6,4710.0,9
369,2019-06-28,4,6,3800.0,11
370,2019-06-29,5,6,2250.0,8
371,2019-06-30,6,6,3500.0,10
372,2019-07-01,0,7,0.0,4
373,2019-07-02,1,7,1400.0,9
374,2019-07-03,2,7,1800.0,9
375,2019-07-04,3,7,1350.0,7
376,2019-07-05,4,7,3000.0,10
377,2019-07-06,5,7,2500.0,7
378,2019-07-07,6,7,1350.0,8
379,2019-07-08,0,7,500.0,3
380,2019-07-09,1,7,3570.0,9
381,2019-07-10,2,7,1400.0,5
382,2019-07-11,3,7,3150.0,7
383,2019-07-12,4,7,2600.0,8
384,2019-07-13,5,7,550.0,3
385,2019-07-14,6,7,2400.0,3
386,2019-07-15,0,7,1650.0,7
387,2019-07-16,1,7,950.0,4
388,2019-07-17,2,7,1960.0,9
389,2019-07-18,3,7,1750.0,6
390,2019-07-19,4,7,3550.0,8
391,2019-07-20,5,7,660.0,3
392,2019-07-21,6,7,2100.0,8
393,2019-07-22,0,7,1650.0,5
394,2019-07-23,1,7,1050.0,4
395,2019-07-24,2,7,850.0,3
396,2019-07-25,3,7,1100.0,7
397,2019-07-26,4,7,2200.0,5
398,2019-07-27,5,7,2250.0,8
399,2019-07-28,6,7,2170.0,7
400,2019-07-29,0,7,1800.0,6
401,2019-07-30,1,7,3400.0,10
402,2019-07-31,2,7,1550.0,8
403,2019-08-01,3,8,1250.0,6
404,2019-08-02,4,8,4400.0,8
405,2019-08-03,5,8,800.0,5
406,2019-08-04,6,8,4040.0,9
407,2019-08-05,0,8,2450.0,9
408,2019-08-06,1,8,2210.0,7
409,2019-08-07,2,8,1150.0,5
410,2019-08-08,3,8,1800.0,6
411,2019-08-09,4,8,1360.0,7
412,2019-08-10,5,8,2120.0,7
413,2019-08-11,6,8,750.0,4
414,2019-08-12,0,8,0.0,2
415,2019-08-13,1,8,170.0,1
416,2019-08-14,2,8,2370.0,5
417,2019-08-15,3,8,450.0,3
418,2019-08-16,4,8,2000.0,8
419,2019-08-17,5,8,850.0,6
420,2019-08-18,6,8,3400.0,8
421,2019-08-19,0,8,1600.0,6
422,2019-08-20,1,8,700.0,4
423,2019-08-21,2,8,800.0,3
424,2019-08-22,3,8,150.0,2
425,2019-08-23,4,8,920.0,6
426,2019-08-24,5,8,800.0,3
427,2019-08-25,6,8,1150.0,5
428,2019-08-26,0,8,300.0,2
429,2019-08-27,1,8,0.0,1
430,2019-08-28,2,8,2570.0,6
431,2019-08-29,3,8,1150.0,4
432,2019-08-30,4,8,2700.0,5
433,2019-08-31,5,8,1250.0,9
434,2019-09-01,6,9,2550.0,6
435,2019-09-02,0,9,700.0,5
436,2019-09-03,1,9,1050.0,6
437,2019-09-04,2,9,1400.0,5
438,2019-09-05,3,9,1500.0,4
439,2019-09-06,4,9,900.0,3
440,2019-09-07,5,9,5410.0,13
441,2019-09-08,6,9,1300.0,6
442,2019-09-09,0,9,750.0,4
443,2019-09-10,1,9,1600.0,5
444,2019-09-11,2,9,750.0,2
445,2019-09-12,3,9,650.0,4
446,2019-09-13,4,9,1920.0,5
447,2019-09-14,5,9,3450.0,10
448,2019-09-15,6,9,1200.0,4
449,2019-09-16,0,9,1500.0,7
450,2019-09-17,1,9,800.0,5
451,2019-09-18,2,9,1650.0,7
452,2019-09-19,3,9,1660.0,4
453,2019-09-20,4,9,1000.0,3
454,2019-09-21,5,9,2380.0,6
455,2019-09-22,6,9,2200.0,6
456,2019-09-23,0,9,0.0,1
457,2019-09-24,1,9,400.0,2
458,2019-09-25,2,9,2300.0,2
459,2019-09-26,3,9,200.0,3
460,2019-09-27,4,9,5050.0,11
461,2019-09-28,5,9,2710.0,9
462,2019-09-29,6,9,7760.0,15
463,2019-09-30,0,9,1200.0,4
464,2019-10-01,1,10,400.0,3
465,2019-10-02,2,10,1460.0,2
466,2019-10-03,3,10,3080.0,1
467,2019-10-04,4,10,1970.0,10
468,2019-10-05,5,10,4500.0,14
469,2019-10-06,6,10,2350.0,8
470,2019-10-07,0,10,2960.0,6
471,2019-10-08,1,10,560.0,3
472,2019-10-09,2,10,1960.0,5
473,2019-10-10,3,10,1980.0,5
474,2019-10-11,4,10,2300.0,6
475,2019-10-12,5,10,4760.0,9
476,2019-10-13,6,10,800.0,5
477,2019-10-14,0,10,1790.0,5
478,2019-10-15,1,10,800.0,3
479,2019-10-16,2,10,300.0,2
480,2019-10-17,3,10,0.0,2
481,2019-10-18,4,10,5200.0,7
482,2019-10-19,5,10,2050.0,5
483,2019-10-20,6,10,670.0,5
484,2019-10-21,0,10,1900.0,4
485,2019-10-22,1,10,2650.0,9
486,2019-10-23,2,10,2250.0,9
487,2019-10-24,3,10,400.0,3
488,2019-10-25,4,10,6170.0,11
489,2019-10-26,5,10,3050.0,5
490,2019-10-27,6,10,3520.0,9
491,2019-10-28,0,10,650.0,4
492,2019-10-29,1,10,600.0,3
493,2019-10-30,2,10,1550.0,6
494,2019-10-31,3,10,600.0,4
495,2019-11-01,4,11,800.0,4
496,2019-11-02,5,11,3550.0,11
497,2019-11-03,6,11,2660.0,6
498,2019-11-04,0,11,5140.0,9
499,2019-11-05,1,11,400.0,2
500,2019-11-06,2,11,300.0,3
501,2019-11-07,3,11,1880.0,5
502,2019-11-08,4,11,4220.0,6
503,2019-11-09,5,11,3670.0,6
504,2019-11-10,6,11,2750.0,8
505,2019-11-11,0,11,800.0,4
506,2019-11-12,1,11,150.0,4
507,2019-11-13,2,11,1820.0,7
508,2019-11-14,3,11,2150.0,3
509,2019-11-15,4,11,2890.0,7
510,2019-11-16,5,11,3600.0,7
511,2019-11-17,6,11,4450.0,7
512,2019-11-18,0,11,1550.0,7
513,2019-11-20,2,11,400.0,1
514,2019-11-21,3,11,1450.0,7
515,2019-11-22,4,11,2610.0,7
516,2019-11-23,5,11,2320.0,4
517,2019-11-24,6,11,3200.0,9
518,2019-11-25,0,11,0.0,1
519,2019-11-26,1,11,400.0,4
520,2019-11-27,2,11,600.0,1
521,2019-11-28,3,11,800.0,5
522,2019-11-29,4,11,1810.0,6
523,2019-11-30,5,11,5700.0,9
524,2019-12-01,6,12,1980.0,4
525,2019-12-02,0,12,100.0,2
526,2019-12-03,1,12,800.0,3
527,2019-12-04,2,12,0.0,1
528,2019-12-05,3,12,1200.0,4
529,2019-12-06,4,12,1100.0,4
530,2019-12-07,5,12,3090.0,7
531,2019-12-08,6,12,700.0,6
532,2019-12-09,0,12,150.0,5
533,2019-12-10,1,12,1750.0,6
534,2019-12-11,2,12,3450.0,7
535,2019-12-12,3,12,1100.0,4
536,2019-12-13,4,12,2760.0,6
537,2019-12-14,5,12,3990.0,9
538,2019-12-15,6,12,1750.0,6
539,2019-12-16,0,12,1050.0,4
540,2019-12-17,1,12,2130.0,7
541,2019-12-18,2,12,850.0,3
542,2019-12-19,3,12,600.0,2
543,2019-12-20,4,12,1400.0,4
544,2019-12-21,5,12,1600.0,5
545,2019-12-22,6,12,2690.0,8
546,2019-12-23,0,12,2570.0,6
547,2019-12-24,1,12,1180.0,6
548,2019-12-25,2,12,3800.0,9
549,2019-12-26,3,12,2550.0,3
550,2019-12-27,4,12,3100.0,7
551,2019-12-28,5,12,2180.0,9
552,2019-12-29,6,12,3000.0,3
553,2019-12-30,0,12,2570.0,5
554,2020-01-02,3,1,5150.0,10
555,2020-01-03,4,1,2170.0,6
556,2020-01-04,5,1,2600.0,4
557,2020-01-05,6,1,1800.0,5
558,2020-01-06,0,1,1510.0,4
559,2020-01-07,1,1,1370.0,6
560,2020-01-08,2,1,4390.0,9
561,2020-01-09,3,1,2300.0,4
562,2020-01-10,4,1,5600.0,8
563,2020-01-11,5,1,2700.0,8
564,2020-01-12,6,1,1350.0,5
565,2020-01-13,0,1,1200.0,4
566,2020-01-14,1,1,1250.0,5
567,2020-01-15,2,1,2300.0,4
568,2020-01-16,3,1,950.0,4
569,2020-01-17,4,1,4540.0,10
570,2020-01-18,5,1,2100.0,5
571,2020-01-19,6,1,39350.0,58
572,2020-01-20,0,1,42310.0,84
573,2020-01-21,1,1,32510.0,53
574,2020-01-22,2,1,73700.0,171
575,2020-01-23,3,1,2150.0,5
576,2020-01-24,4,1,1770.0,10
577,2020-01-25,5,1,3500.0,7
578,2020-01-26,6,1,2550.0,7
579,2020-01-27,0,1,1360.0,5
580,2020-01-28,1,1,900.0,7
581,2020-01-29,2,1,1070.0,6
582,2020-01-30,3,1,650.0,2
583,2020-01-31,4,1,4050.0,11
584,2020-02-01,5,2,5320.0,13
585,2020-02-02,6,2,1400.0,4
586,2020-02-03,0,2,250.0,5
587,2020-02-04,1,2,2250.0,4
588,2020-02-05,2,2,700.0,3
589,2020-02-06,3,2,400.0,4
590,2020-02-07,4,2,2750.0,6
591,2020-02-08,5,2,1100.0,6
592,2020-02-09,6,2,1450.0,7
593,2020-02-10,0,2,1000.0,6
594,2020-02-11,1,2,1600.0,4
595,2020-02-12,2,2,1300.0,6
596,2020-02-13,3,2,2000.0,5
597,2020-02-14,4,2,3350.0,9
598,2020-02-15,5,2,3250.0,9
599,2020-02-16,6,2,2370.0,9
600,2020-02-17,0,2,3350.0,6
601,2020-02-18,1,2,4400.0,8
602,2020-02-19,2,2,1700.0,6
603,2020-02-20,3,2,700.0,2
604,2020-02-21,4,2,2450.0,7
605,2020-02-22,5,2,1540.0,5
606,2020-02-23,6,2,5150.0,13
607,2020-02-24,0,2,2450.0,7
608,2020-02-25,1,2,1700.0,4
609,2020-02-26,2,2,1350.0,5
610,2020-02-27,3,2,1350.0,6
611,2020-02-28,4,2,2570.0,10
612,2020-02-29,5,2,2750.0,9
613,2020-03-01,6,3,3700.0,6
614,2020-03-02,0,3,840.0,2
615,2020-03-03,1,3,900.0,5
616,2020-03-04,2,3,2900.0,8
617,2020-03-05,3,3,1470.0,6
618,2020-03-06,4,3,2600.0,6
619,2020-03-07,5,3,4020.0,11
620,2020-03-08,6,3,1970.0,6
621,2020-03-09,0,3,1870.0,5
622,2020-03-10,1,3,850.0,5
623,2020-03-11,2,3,2050.0,6
624,2020-03-12,3,3,2750.0,9
625,2020-03-13,4,3,4800.0,12
626,2020-03-14,5,3,7260.0,15
627,2020-03-15,6,3,3100.0,8
628,2020-03-16,0,3,550.0,4
629,2020-03-17,1,3,400.0,3
630,2020-03-18,2,3,500.0,3
631,2020-03-19,3,3,600.0,3
632,2020-03-20,4,3,1300.0,4
633,2020-03-21,5,3,1450.0,4
634,2020-03-22,6,3,1140.0,4
635,2020-03-23,0,3,1370.0,7
636,2020-03-24,1,3,1750.0,5
637,2020-03-25,2,3,700.0,4
638,2020-07-31,4,7,2850.0,7
639,2020-08-01,5,8,2400.0,6
640,2020-08-02,6,8,600.0,3
641,2020-08-03,0,8,1300.0,3
642,2020-08-04,1,8,2400.0,3
643,2020-08-06,3,8,700.0,3
644,2020-08-07,4,8,2450.0,7
645,2020-08-08,5,8,2800.0,3
646,2020-08-09,6,8,1100.0,3
647,2020-08-10,0,8,1200.0,4
648,2020-08-12,2,8,2100.0,5
649,2020-08-13,3,8,650.0,3
650,2020-08-14,4,8,1500.0,6
651,2020-08-15,5,8,1450.0,5
652,2020-08-16,6,8,100.0,1
653,2020-08-17,0,8,550.0,2
654,2020-08-18,1,8,850.0,2
655,2020-08-19,2,8,1000.0,2
656,2020-08-20,3,8,4900.0,8
657,2020-08-21,4,8,1200.0,4
658,2020-08-22,5,8,750.0,4
659,2020-08-23,6,8,3100.0,6
660,2020-08-24,0,8,1450.0,3
661,2020-08-25,1,8,1550.0,4
662,2020-08-26,2,8,550.0,2
663,2020-08-27,3,8,1200.0,3
664,2020-08-28,4,8,800.0,2
665,2020-08-29,5,8,1400.0,5
666,2020-08-30,6,8,5050.0,10
667,2020-08-31,0,8,2300.0,6
668,2020-09-01,1,9,2000.0,8
669,2020-09-02,2,9,1000.0,4
670,2020-09-03,3,9,1100.0,4
671,2020-09-04,4,9,1710.0,6
672,2020-09-05,5,9,2160.0,7
673,2020-09-06,6,9,3200.0,9
674,2020-09-07,0,9,1200.0,2
675,2020-09-08,1,9,2000.0,4
676,2020-09-09,2,9,1800.0,5
677,2020-09-10,3,9,650.0,2
678,2020-09-11,4,9,800.0,2
679,2020-09-12,5,9,2060.0,5
680,2020-09-13,6,9,3650.0,5
681,2020-09-14,0,9,500.0,2
682,2020-09-15,1,9,900.0,3
683,2020-09-16,2,9,760.0,2
684,2020-09-17,3,9,1810.0,4
685,2020-09-18,4,9,2750.0,8
686,2020-09-19,5,9,2650.0,8
687,2020-09-20,6,9,5200.0,7
688,2020-09-21,0,9,2610.0,6
689,2020-09-22,1,9,1300.0,3
690,2020-09-23,2,9,2200.0,3
691,2020-09-24,3,9,2400.0,7
692,2020-09-25,4,9,1250.0,5
693,2020-09-26,5,9,450.0,3
694,2020-09-27,6,9,2250.0,5
695,2020-09-28,0,9,500.0,2
696,2020-09-29,1,9,700.0,2
697,2020-09-30,2,9,1660.0,4
698,2020-10-01,3,10,1150.0,4
699,2020-10-02,4,10,4020.0,5
700,2020-10-03,5,10,1050.0,4
701,2020-10-04,6,10,1760.0,5
702,2020-10-05,0,10,1550.0,4
703,2020-10-06,1,10,1300.0,6
704,2020-10-07,2,10,800.0,2
705,2020-10-08,3,10,3100.0,9
706,2020-10-09,4,10,3050.0,5
707,2020-10-10,5,10,10100.0,12
708,2020-10-11,6,10,4050.0,10
709,2020-10-12,0,10,550.0,2
710,2020-10-13,1,10,1160.0,3
711,2020-10-14,2,10,550.0,1
712,2020-10-15,3,10,1110.0,5
713,2020-10-16,4,10,300.0,2
714,2020-10-17,5,10,1210.0,4
715,2020-10-18,6,10,650.0,3
716,2020-10-19,0,10,1260.0,5
717,2020-10-20,1,10,600.0,2
718,2020-10-21,2,10,1650.0,5
719,2020-10-22,3,10,1250.0,2
720,2020-10-23,4,10,1550.0,4
721,2020-10-24,5,10,3200.0,9
722,2020-10-25,6,10,2000.0,5
723,2020-10-26,0,10,200.0,1
724,2020-10-27,1,10,200.0,1
725,2020-10-28,2,10,2060.0,7
726,2020-10-29,3,10,1650.0,2
727,2020-10-30,4,10,3050.0,8
728,2020-10-31,5,10,2450.0,3
729,2020-11-01,6,11,1700.0,5
730,2020-11-02,0,11,100.0,1
731,2020-11-03,1,11,2210.0,6
732,2020-11-04,2,11,850.0,3
733,2020-11-05,3,11,1300.0,5
734,2020-11-06,4,11,1050.0,2
735,2020-11-07,5,11,2950.0,8
736,2020-11-08,6,11,870.0,4
737,2020-11-09,0,11,1550.0,4
738,2020-11-10,1,11,300.0,1
739,2020-11-11,2,11,1420.0,3
740,2020-11-12,3,11,1200.0,2
741,2020-11-13,4,11,1620.0,5
742,2020-11-14,5,11,7150.0,10
743,2020-11-15,6,11,2750.0,7
744,2020-11-16,0,11,400.0,1
745,2020-11-17,1,11,2350.0,7
746,2020-11-18,2,11,1050.0,3
747,2020-11-19,3,11,850.0,2
748,2020-11-20,4,11,1100.0,4
749,2020-11-21,5,11,1760.0,4
750,2020-11-22,6,11,4250.0,8
751,2020-11-23,0,11,1970.0,7
752,2020-11-24,1,11,2250.0,3
753,2020-11-25,2,11,1270.0,4
754,2020-11-26,3,11,1750.0,5
755,2020-11-27,4,11,3500.0,8
756,2020-11-28,5,11,3150.0,6
757,2020-11-29,6,11,2850.0,6
758,2020-11-30,0,11,600.0,3
759,2020-12-01,1,12,850.0,3
760,2020-12-02,2,12,1250.0,4
761,2020-12-03,3,12,2900.0,6
762,2020-12-04,4,12,6150.0,10
763,2020-12-05,5,12,4070.0,12
764,2020-12-06,6,12,1400.0,3
765,2020-12-07,0,12,860.0,3
766,2020-12-08,1,12,1400.0,4
767,2020-12-09,2,12,850.0,4
768,2020-12-10,3,12,1450.0,4
769,2020-12-11,4,12,550.0,2
770,2020-12-12,5,12,2000.0,7
771,2020-12-13,6,12,3500.0,5
772,2020-12-14,0,12,3150.0,6
773,2020-12-15,1,12,1910.0,5
774,2020-12-16,2,12,1900.0,3
775,2020-12-17,3,12,1900.0,7
776,2020-12-18,4,12,1650.0,7
777,2020-12-19,5,12,5550.0,10
778,2020-12-20,6,12,2250.0,6
779,2020-12-21,0,12,3800.0,10
780,2020-12-22,1,12,1050.0,4
781,2020-12-23,2,12,900.0,2
782,2020-12-24,3,12,550.0,3
783,2020-12-25,4,12,800.0,2
784,2020-12-26,5,12,1760.0,5
785,2020-12-27,6,12,2950.0,4
786,2020-12-28,0,12,1300.0,4
787,2020-12-29,1,12,1660.0,3
788,2020-12-30,2,12,5200.0,9
789,2020-12-31,3,12,450.0,3
790,2021-01-01,4,1,450.0,1
791,2021-01-03,6,1,2300.0,4
792,2021-01-04,0,1,3510.0,7
793,2021-01-05,1,1,4200.0,5
794,2021-01-06,2,1,4100.0,10
795,2021-01-07,3,1,1600.0,5
796,2021-01-08,4,1,1500.0,3
797,2021-01-09,5,1,1950.0,6
798,2021-01-10,6,1,2400.0,6
799,2021-01-11,0,1,650.0,2
800,2021-01-12,1,1,2810.0,7
801,2021-01-13,2,1,300.0,2
802,2021-01-14,3,1,1700.0,5
803,2021-01-15,4,1,3650.0,5
804,2021-01-16,5,1,2650.0,6
805,2021-01-17,6,1,4700.0,8
806,2021-01-19,1,1,250.0,3
807,2021-01-20,2,1,1850.0,5
808,2021-01-21,3,1,150.0,1
809,2021-01-22,4,1,1050.0,4
810,2021-01-23,5,1,1170.0,3
811,2021-01-24,6,1,1900.0,5
812,2021-01-25,0,1,700.0,2
813,2021-01-26,1,1,100.0,1
814,2021-01-27,2,1,900.0,4
815,2021-01-29,4,1,2750.0,4
816,2021-01-30,5,1,4000.0,1
817,2021-01-31,6,1,200.0,2
818,2021-02-01,0,2,700.0,3
819,2021-02-02,1,2,0.0,1
820,2021-02-03,2,2,1970.0,6
821,2021-02-04,3,2,900.0,4
822,2021-02-05,4,2,860.0,3
823,2021-02-06,5,2,950.0,2
824,2021-02-07,6,2,1100.0,3
825,2021-02-08,0,2,1250.0,3
826,2021-02-09,1,2,1700.0,2
827,2021-02-10,2,2,1000.0,3
828,2021-02-11,3,2,100.0,1
829,2021-02-12,4,2,3330.0,8
830,2021-02-13,5,2,950.0,3
831,2021-02-14,6,2,2300.0,5
832,2021-02-15,0,2,700.0,3
833,2021-02-16,1,2,800.0,2
834,2021-02-17,2,2,450.0,3
835,2021-02-18,3,2,500.0,2
836,2021-02-19,4,2,1200.0,4
837,2021-02-20,5,2,3650.0,4
838,2021-02-21,6,2,2700.0,6
839,2021-02-22,0,2,620.0,2
840,2021-02-23,1,2,1350.0,5
841,2021-02-24,2,2,400.0,2
842,2021-02-25,3,2,400.0,2
843,2021-02-26,4,2,1800.0,5
844,2021-02-27,5,2,2200.0,5
845,2021-02-28,6,2,4400.0,7
846,2021-03-01,0,3,1250.0,4
847,2021-03-02,1,3,700.0,2
848,2021-03-03,2,3,500.0,2
849,2021-03-04,3,3,200.0,1
850,2021-03-05,4,3,2500.0,6
851,2021-03-06,5,3,1050.0,4
852,2021-03-07,6,3,2600.0,7
853,2021-03-08,0,3,3400.0,7
854,2021-03-09,1,3,900.0,2
855,2021-03-10,2,3,850.0,2
856,2021-03-11,3,3,1000.0,4
857,2021-03-12,4,3,3000.0,7
858,2021-03-13,5,3,2400.0,4
859,2021-03-14,6,3,1950.0,5
860,2021-03-15,0,3,1950.0,3
861,2021-03-16,1,3,650.0,4
862,2021-03-17,2,3,3250.0,5
863,2021-03-18,3,3,700.0,6
864,2021-03-19,4,3,1600.0,5
865,2021-03-20,5,3,4550.0,7
866,2021-03-21,6,3,2200.0,7
867,2021-03-22,0,3,500.0,3
868,2021-03-23,1,3,100.0,1
869,2021-03-24,2,3,400.0,2
870,2021-03-25,3,3,200.0,2
871,2021-03-26,4,3,2410.0,6
872,2021-03-27,5,3,850.0,4
873,2021-03-28,6,3,1650.0,4
874,2021-03-29,0,3,300.0,2
875,2021-03-30,1,3,3200.0,7
876,2021-03-31,2,3,1100.0,2
877,2021-04-01,3,4,100.0,2
878,2021-04-02,4,4,600.0,3
879,2021-04-03,5,4,2000.0,4
880,2021-04-04,6,4,3060.0,4
881,2021-04-05,0,4,680.0,1
882,2021-04-06,1,4,3050.0,4
883,2021-04-07,2,4,2600.0,6
884,2021-04-08,3,4,1560.0,5
885,2021-04-09,4,4,1750.0,3
886,2021-04-10,5,4,1550.0,4
887,2021-04-11,6,4,700.0,3
888,2021-04-12,0,4,900.0,4
889,2021-04-13,1,4,1900.0,6
890,2021-04-14,2,4,2050.0,4
891,2021-04-15,3,4,1750.0,4
892,2021-04-16,4,4,1050.0,5
893,2021-04-17,5,4,2220.0,5
894,2021-04-18,6,4,1750.0,6
895,2021-04-19,0,4,100.0,2
896,2021-04-20,1,4,500.0,2
897,2021-04-21,2,4,1400.0,5
898,2021-04-22,3,4,1400.0,5
899,2021-04-23,4,4,3700.0,6
900,2021-04-24,5,4,3650.0,9
901,2021-04-25,6,4,3010.0,6
902,2021-04-26,0,4,1100.0,2
903,2021-04-27,1,4,1850.0,4
904,2021-04-28,2,4,1650.0,4
905,2021-04-29,3,4,1800.0,5
906,2021-04-30,4,4,2700.0,6
907,2021-05-01,5,5,3300.0,4
908,2021-05-02,6,5,750.0,2
909,2021-05-03,0,5,500.0,1
910,2021-05-04,1,5,1300.0,4
911,2021-05-05,2,5,2050.0,5
912,2021-05-06,3,5,2100.0,7
913,2021-05-07,4,5,5550.0,2
914,2021-05-08,5,5,650.0,2
915,2021-05-09,6,5,18500.0,7
916,2021-05-10,0,5,950.0,4
917,2021-05-11,1,5,1350.0,5
918,2021-05-12,2,5,900.0,4
919,2021-05-13,3,5,850.0,4
920,2021-05-14,4,5,7580.0,5
921,2021-05-15,5,5,15390.0,2
922,2021-05-16,6,5,10850.0,6
923,2021-05-17,0,5,950.0,2
924,2021-05-18,1,5,1000.0,4
925,2021-05-19,2,5,1300.0,6
926,2021-05-20,3,5,400.0,2
927,2021-05-21,4,5,10400.0,4
928,2021-05-22,5,5,3810.0,3
929,2021-05-23,6,5,6600.0,6
930,2021-05-24,0,5,100.0,1
931,2021-05-25,1,5,1000.0,5
932,2021-05-26,2,5,1000.0,4
933,2021-05-27,3,5,1450.0,5
934,2021-05-28,4,5,1300.0,6
935,2021-05-29,5,5,3700.0,8
936,2021-05-30,6,5,1100.0,3
937,2021-05-31,0,5,600.0,4
938,2021-06-01,1,6,1400.0,5
939,2021-06-02,2,6,800.0,3
940,2021-06-03,3,6,1600.0,5
941,2021-06-04,4,6,8450.0,4
942,2021-06-05,5,6,16400.0,10
943,2021-06-06,6,6,4160.0,5
944,2021-06-07,0,6,2000.0,3
945,2021-06-08,1,6,200.0,3
946,2021-06-09,2,6,550.0,2
947,2021-06-10,3,6,750.0,4
948,2021-06-11,4,6,4600.0,7
949,2021-06-12,5,6,9010.0,4
950,2021-06-13,6,6,550.0,3
951,2021-06-14,0,6,3600.0,7
952,2021-06-15,1,6,3650.0,5
953,2021-06-16,2,6,1000.0,5
954,2021-06-17,3,6,1250.0,5
955,2021-06-18,4,6,3900.0,7
956,2021-06-19,5,6,4800.0,7
957,2021-06-20,6,6,1700.0,4
958,2021-06-21,0,6,2500.0,6
959,2021-06-22,1,6,1700.0,4
960,2021-06-23,2,6,1550.0,6
961,2021-06-24,3,6,400.0,3
962,2021-06-25,4,6,2650.0,3
963,2021-06-26,5,6,10150.0,4
964,2021-06-27,6,6,14200.0,8
965,2021-06-28,0,6,2250.0,6
966,2021-06-29,1,6,550.0,3
967,2021-06-30,2,6,1910.0,7
968,2021-07-01,3,7,100.0,3
969,2021-07-02,4,7,650.0,3
970,2021-07-03,5,7,3250.0,5
971,2021-07-04,6,7,4700.0,5
972,2021-07-05,0,7,100.0,2
973,2021-07-06,1,7,600.0,3
974,2021-07-07,2,7,3250.0,6
975,2021-07-08,3,7,1500.0,5
976,2021-07-09,4,7,1100.0,6
977,2021-07-10,5,7,3590.0,4
978,2021-07-11,6,7,9570.0,5
979,2021-07-12,0,7,850.0,3
980,2021-07-13,1,7,550.0,3
981,2021-07-14,2,7,500.0,2
982,2021-07-15,3,7,1500.0,5
983,2021-07-16,4,7,200.0,3
984,2021-07-17,5,7,1050.0,4
985,2021-07-18,6,7,15400.0,6
986,2021-07-19,0,7,700.0,5
987,2021-07-20,1,7,200.0,2
988,2021-07-21,2,7,200.0,2
989,2021-07-22,3,7,560.0,3
990,2021-07-23,4,7,1100.0,3
991,2021-07-24,5,7,4600.0,4
992,2021-07-25,6,7,0.0,1
993,2021-07-26,0,7,1600.0,5
994,2021-07-27,1,7,650.0,3
995,2021-07-28,2,7,0.0,1
996,2021-07-29,3,7,600.0,2
997,2021-07-31,5,7,2050.0,4
998,2021-08-01,6,8,2850.0,6
999,2021-08-02,0,8,100.0,2
1000,2021-08-03,1,8,200.0,1
1001,2021-08-04,2,8,1700.0,4
1002,2021-08-05,3,8,200.0,1
1003,2021-08-06,4,8,1300.0,4
1004,2021-08-07,5,8,4700.0,7
1005,2021-08-08,6,8,2000.0,1
1006,2021-08-09,0,8,950.0,2
1007,2021-08-10,1,8,300.0,2
1008,2021-08-11,2,8,800.0,3
1009,2021-08-12,3,8,1100.0,6
1010,2021-08-13,4,8,1800.0,7
1011,2021-08-14,5,8,12650.0,10
1012,2021-08-15,6,8,2100.0,4
1013,2021-08-16,0,8,5400.0,4
1014,2021-08-17,1,8,1000.0,4
1015,2021-08-18,2,8,700.0,3
1016,2021-08-19,3,8,750.0,2
1017,2021-08-20,4,8,4900.0,5
1018,2021-08-21,5,8,20370.0,7
1019,2021-08-22,6,8,1050.0,3
1020,2021-08-23,0,8,500.0,2
1021,2021-08-24,1,8,900.0,5
1022,2021-08-25,2,8,800.0,3
1023,2021-08-26,3,8,1000.0,4
1024,2021-08-27,4,8,3200.0,8
1025,2021-08-28,5,8,9700.0,8
1026,2021-08-29,6,8,1000.0,4
1027,2021-08-30,0,8,200.0,2
1028,2021-08-31,1,8,400.0,2
1029,2021-09-01,2,9,0.0,1
1030,2021-09-02,3,9,3100.0,7
1031,2021-09-03,4,9,900.0,3
1032,2021-09-04,5,9,4300.0,3
1033,2021-09-05,6,9,3300.0,3
1034,2021-09-06,0,9,100.0,1
1035,2021-09-07,1,9,900.0,3
1036,2021-09-08,2,9,450.0,3
1037,2021-09-09,3,9,1550.0,3
1038,2021-09-10,4,9,3010.0,10
1039,2021-09-11,5,9,4800.0,9
1040,2021-09-12,6,9,1150.0,7
1041,2021-09-13,0,9,2250.0,5
1042,2021-09-14,1,9,2510.0,7
1043,2021-09-15,2,9,1450.0,3
1044,2021-09-16,3,9,100.0,1
1045,2021-09-17,4,9,2250.0,6
1046,2021-09-18,5,9,1100.0,5
1047,2021-09-19,6,9,1850.0,4
1048,2021-09-20,0,9,600.0,3
1049,2021-09-21,1,9,400.0,2
1050,2021-09-22,2,9,2650.0,5
1051,2021-09-23,3,9,2000.0,4
1052,2021-09-24,4,9,2050.0,7
1053,2021-09-25,5,9,1250.0,4
1054,2021-09-26,6,9,1860.0,2
1055,2021-09-27,0,9,800.0,2
1056,2021-09-28,1,9,1400.0,4
1057,2021-09-29,2,9,2120.0,4
1058,2021-09-30,3,9,100.0,1
1059,2021-10-01,4,10,2100.0,5
1060,2021-10-02,5,10,3000.0,2
1061,2021-10-03,6,10,6650.0,2
1062,2021-10-04,0,10,2400.0,5
1063,2021-10-06,2,10,900.0,3
1064,2021-10-07,3,10,700.0,3
1065,2021-10-08,4,10,1700.0,7
1066,2021-10-09,5,10,5000.0,9
1067,2021-10-10,6,10,2750.0,4
1068,2021-10-11,0,10,1550.0,5
1069,2021-10-12,1,10,1250.0,4
1070,2021-10-13,2,10,2250.0,7
1071,2021-10-14,3,10,3700.0,5
1072,2021-10-15,4,10,1300.0,3
1073,2021-10-16,5,10,1350.0,4
1074,2021-10-17,6,10,2200.0,8
1075,2021-10-18,0,10,500.0,3
1076,2021-10-19,1,10,1800.0,6
1077,2021-10-20,2,10,1150.0,6
1078,2021-10-21,3,10,2000.0,3
1079,2021-10-22,4,10,2050.0,8
1080,2021-10-23,5,10,7400.0,2
1081,2021-10-24,6,10,9570.0,7
1082,2021-10-25,0,10,550.0,3
1083,2021-10-26,1,10,1300.0,4
1084,2021-10-27,2,10,2100.0,6
1085,2021-10-28,3,10,250.0,1
1086,2021-10-29,4,10,2050.0,8
1087,2021-10-30,5,10,1300.0,2
1088,2021-10-31,6,10,2000.0,3
1089,2021-11-01,0,11,1450.0,4
1090,2021-11-02,1,11,1000.0,4
1091,2021-11-03,2,11,2800.0,7
1092,2021-11-04,3,11,3150.0,6
1093,2021-11-05,4,11,1300.0,5
1094,2021-11-06,5,11,4200.0,9
1095,2021-11-07,6,11,2700.0,7
1096,2021-11-08,0,11,900.0,4
1097,2021-11-09,1,11,1700.0,4
1098,2021-11-10,2,11,350.0,4
1099,2021-11-11,3,11,1200.0,4
1100,2021-11-12,4,11,700.0,3
1101,2021-11-13,5,11,4850.0,9
1102,2021-11-14,6,11,1800.0,3
1103,2021-11-15,0,11,2900.0,5
1104,2021-11-16,1,11,2300.0,8
1105,2021-11-17,2,11,3600.0,7
1106,2021-11-18,3,11,600.0,3
1107,2021-11-19,4,11,3050.0,6
1108,2021-11-20,5,11,2600.0,3
1109,2021-11-21,6,11,1400.0,3
1110,2021-11-22,0,11,1050.0,6
1111,2021-11-23,1,11,2350.0,6
1112,2021-11-24,2,11,2150.0,3
1113,2021-11-25,3,11,500.0,3
1114,2021-11-26,4,11,3500.0,10
1115,2021-11-27,5,11,1100.0,3
1116,2021-11-28,6,11,1550.0,4
1117,2021-11-29,0,11,2200.0,8
1118,2021-11-30,1,11,3550.0,6
1119,2021-12-01,2,12,750.0,3
1120,2021-12-02,3,12,1000.0,4
1121,2021-12-03,4,12,5600.0,8
1122,2021-12-04,5,12,4600.0,9
1123,2021-12-05,6,12,2600.0,6
1124,2021-12-06,0,12,1100.0,4
1125,2021-12-07,1,12,2500.0,8
1126,2021-12-08,2,12,1400.0,5
1127,2021-12-09,3,12,3650.0,9
1128,2021-12-10,4,12,2750.0,8
1129,2021-12-11,5,12,6050.0,12
1130,2021-12-12,6,12,2450.0,5
1131,2021-12-13,0,12,1300.0,4
1132,2021-12-14,1,12,3350.0,9
1133,2021-12-15,2,12,1300.0,5
1134,2021-12-16,3,12,2900.0,10
1135,2021-12-17,4,12,3350.0,9
1136,2021-12-18,5,12,2750.0,6
1137,2021-12-19,6,12,2950.0,10
1138,2021-12-20,0,12,1650.0,6
1139,2021-12-21,1,12,600.0,3
1140,2021-12-22,2,12,2050.0,5
1141,2021-12-23,3,12,1250.0,5
1142,2021-12-24,4,12,2850.0,8
1143,2021-12-25,5,12,1600.0,7
1144,2021-12-26,6,12,1200.0,6
1145,2021-12-27,0,12,850.0,4
1146,2021-12-28,1,12,1900.0,8
1147,2021-12-29,2,12,2250.0,5
1148,2021-12-30,3,12,5000.0,8
1149,2021-12-31,4,12,2250.0,7
1150,2022-01-01,5,1,0.0,1
1151,2022-01-02,6,1,1400.0,4
1152,2022-01-03,0,1,1300.0,5
1153,2022-01-04,1,1,3050.0,5
1154,2022-01-05,2,1,1200.0,3
1155,2022-01-06,3,1,550.0,3
1156,2022-01-07,4,1,3100.0,9
1157,2022-01-08,5,1,1000.0,2
1158,2022-01-09,6,1,600.0,2
1159,2022-01-13,3,1,4350.0,9
1160,2022-01-14,4,1,4400.0,11
1161,2022-01-15,5,1,1900.0,7
1162,2022-01-16,6,1,900.0,3
1163,2022-01-17,0,1,1800.0,7
1164,2022-01-18,1,1,1500.0,7
1165,2022-01-19,2,1,2600.0,6
1166,2022-01-21,4,1,4000.0,4
1167,2022-01-22,5,1,5950.0,10
1168,2022-01-23,6,1,2850.0,8
1169,2022-01-24,0,1,3450.0,6
1170,2022-01-25,1,1,1050.0,3
1171,2022-01-26,2,1,100.0,1
1172,2022-01-27,3,1,1850.0,6
1173,2022-01-28,4,1,3670.0,8
1174,2022-01-29,5,1,6550.0,8
1175,2022-01-30,6,1,6250.0,9
1176,2022-01-31,0,1,5450.0,9
1177,2022-02-01,1,2,600.0,4
1178,2022-02-02,2,2,1600.0,5
1179,2022-02-03,3,2,450.0,4
1180,2022-02-04,4,2,4800.0,8
1181,2022-02-05,5,2,5350.0,7
1182,2022-02-06,6,2,1350.0,3
1183,2022-02-07,0,2,1000.0,2
1184,2022-02-08,1,2,800.0,5
1185,2022-02-09,2,2,2300.0,6
1186,2022-02-10,3,2,2450.0,6
1187,2022-02-11,4,2,1750.0,8
1188,2022-02-12,5,2,1800.0,4
1189,2022-02-13,6,2,600.0,2
1190,2022-02-14,0,2,2450.0,6
1191,2022-02-15,1,2,2650.0,6
1192,2022-02-16,2,2,1600.0,5
1193,2022-02-17,3,2,1400.0,5
1194,2022-02-18,4,2,2000.0,7
1195,2022-02-19,5,2,7440.0,11
1196,2022-02-20,6,2,6550.0,10
1197,2022-02-21,0,2,200.0,1
1198,2022-02-22,1,2,3950.0,9
1199,2022-02-23,2,2,10700.0,8
1200,2022-02-24,3,2,1200.0,5
1201,2022-02-25,4,2,3600.0,7
1202,2022-02-26,5,2,4300.0,6
1203,2022-02-27,6,2,3350.0,7
1204,2022-02-28,0,2,1500.0,5
1205,2022-03-01,1,3,1950.0,5
1206,2022-03-02,2,3,1250.0,2
1207,2022-03-03,3,3,1300.0,4
1208,2022-03-04,4,3,700.0,4
1209,2022-03-05,5,3,3100.0,4
1210,2022-03-06,6,3,6330.0,7
1211,2022-03-07,0,3,1900.0,5
1212,2022-03-08,1,3,4600.0,8
1213,2022-03-09,2,3,700.0,5
1214,2022-03-10,3,3,300.0,2
1215,2022-03-11,4,3,4950.0,7
1216,2022-03-12,5,3,2950.0,7
1217,2022-03-13,6,3,3400.0,8
1218,2022-03-14,0,3,1350.0,4
1219,2022-03-15,1,3,1100.0,4
1220,2022-03-16,2,3,400.0,3
1221,2022-03-17,3,3,1550.0,5
1222,2022-03-18,4,3,4750.0,9
1223,2022-03-19,5,3,6400.0,8
1224,2022-03-20,6,3,1300.0,4
1225,2022-03-21,0,3,300.0,2
1226,2022-03-22,1,3,3450.0,6
1227,2022-03-23,2,3,1850.0,5
1228,2022-03-24,3,3,2400.0,4
1229,2022-03-25,4,3,2650.0,7
1230,2022-03-26,5,3,4800.0,9
1231,2022-03-27,6,3,1750.0,5
1232,2022-03-28,0,3,1400.0,4
1233,2022-03-29,1,3,5100.0,8
1234,2022-03-30,2,3,550.0,3
1235,2022-03-31,3,3,600.0,3
1236,2022-04-01,4,4,4600.0,10
1237,2022-04-02,5,4,1750.0,4
1238,2022-04-03,6,4,4100.0,8
1239,2022-04-04,0,4,1200.0,5
1240,2022-04-05,1,4,1650.0,5
1241,2022-04-06,2,4,1950.0,9
1242,2022-04-07,3,4,1500.0,5
1243,2022-04-08,4,4,4750.0,7
1244,2022-04-09,5,4,5900.0,8
1245,2022-04-10,6,4,3300.0,5
1246,2022-04-11,0,4,1850.0,5
1247,2022-04-12,1,4,3950.0,9
1248,2022-04-13,2,4,2450.0,7
1249,2022-04-14,3,4,1950.0,6
1250,2022-04-15,4,4,2700.0,6
1251,2022-04-16,5,4,5500.0,9
1252,2022-04-17,6,4,1900.0,5
1253,2022-04-18,0,4,2050.0,5
1254,2022-04-19,1,4,5250.0,7
1255,2022-04-20,2,4,1500.0,6
1256,2022-04-21,3,4,1650.0,3
1257,2022-04-22,4,4,3650.0,5
1258,2022-04-23,5,4,4850.0,9
1259,2022-04-24,6,4,1150.0,3
1260,2022-04-25,0,4,1250.0,5
1261,2022-04-26,1,4,300.0,1
1262,2022-04-27,2,4,3500.0,4
1263,2022-04-28,3,4,2850.0,7
1264,2022-04-29,4,4,1600.0,4
1265,2022-04-30,5,4,1750.0,5
1266,2022-05-02,0,5,2950.0,4
1267,2022-05-03,1,5,1450.0,5
1268,2022-05-04,2,5,2800.0,4
1269,2022-05-05,3,5,800.0,3
1270,2022-05-06,4,5,1550.0,5
1271,2022-05-07,5,5,1200.0,3
1272,2022-05-08,6,5,300.0,1
1273,2022-05-10,1,5,1450.0,3
1274,2022-05-12,3,5,1100.0,4
1275,2022-05-13,4,5,3600.0,3
1276,2022-05-14,5,5,3750.0,5
1277,2022-05-15,6,5,1200.0,3
1278,2022-05-17,1,5,1250.0,4
1279,2022-05-18,2,5,1750.0,5
1280,2022-05-19,3,5,900.0,4
1281,2022-05-20,4,5,1350.0,4
1282,2022-05-21,5,5,400.0,1
1283,2022-05-22,6,5,550.0,2
1284,2022-05-23,0,5,700.0,3
1285,2022-05-24,1,5,550.0,2
1286,2022-05-25,2,5,400.0,1
1287,2022-05-26,3,5,5350.0,9
1288,2022-05-27,4,5,4750.0,7
1289,2022-05-28,5,5,4200.0,9
1290,2022-05-29,6,5,800.0,5
1291,2022-05-30,0,5,450.0,3
1292,2022-05-31,1,5,1350.0,5
1293,2022-06-01,2,6,550.0,2
1294,2022-06-02,3,6,1100.0,4
1295,2022-06-03,4,6,2200.0,7
1296,2022-06-04,5,6,850.0,3
1297,2022-06-05,6,6,850.0,5
1298,2022-06-06,0,6,450.0,2
1299,2022-06-07,1,6,150.0,1
1300,2022-06-08,2,6,850.0,4
1301,2022-06-09,3,6,700.0,4
1302,2022-06-10,4,6,1900.0,8
1303,2022-06-11,5,6,1700.0,5
1304,2022-06-12,6,6,4500.0,9
1305,2022-06-13,0,6,0.0,1
1306,2022-06-14,1,6,600.0,3
1307,2022-06-15,2,6,350.0,2
1308,2022-06-16,3,6,1050.0,4
1309,2022-06-17,4,6,950.0,5
1310,2022-06-18,5,6,2550.0,5
1311,2022-06-19,6,6,450.0,2
1312,2022-06-20,0,6,950.0,3
1313,2022-06-21,1,6,2000.0,8
1314,2022-06-22,2,6,1200.0,4
1315,2022-06-23,3,6,200.0,2
1316,2022-06-24,4,6,850.0,4
1317,2022-06-25,5,6,1900.0,4
1318,2022-06-26,6,6,650.0,4
1319,2022-06-27,0,6,150.0,2
1320,2022-06-28,1,6,1100.0,5
1321,2022-06-29,2,6,900.0,4
1322,2022-06-30,3,6,450.0,3
1323,2022-07-01,4,7,900.0,2
1324,2022-07-02,5,7,1450.0,4
1325,2022-07-03,6,7,2150.0,7
1326,2022-07-04,0,7,1300.0,5
1327,2022-07-05,1,7,1700.0,4
1328,2022-07-06,2,7,900.0,4
1329,2022-07-07,3,7,1500.0,5
1330,2022-07-08,4,7,0.0,1
1331,2022-07-09,5,7,2650.0,5
1332,2022-07-10,6,7,3750.0,7
1333,2022-07-11,0,7,1150.0,2
1334,2022-07-12,1,7,400.0,1
1335,2022-07-13,2,7,500.0,3
1336,2022-07-14,3,7,900.0,3
1337,2022-07-15,4,7,3250.0,6
1338,2022-07-16,5,7,900.0,1
1339,2022-07-17,6,7,2800.0,5
1340,2022-07-18,0,7,200.0,1
1341,2022-07-19,1,7,150.0,1
1342,2022-07-20,2,7,400.0,1
1343,2022-07-21,3,7,2550.0,6
1344,2022-07-22,4,7,500.0,2
1345,2022-07-23,5,7,1700.0,3
1346,2022-07-24,6,7,2950.0,5
1347,2022-07-26,1,7,2450.0,6
1348,2022-07-27,2,7,200.0,2
1349,2022-07-28,3,7,2530.0,6
1350,2022-07-29,4,7,2150.0,5
1351,2022-07-30,5,7,1480.0,5
1352,2022-07-31,6,7,2150.0,6
1353,2022-08-01,0,8,2990.0,6
1354,2022-08-02,1,8,900.0,4
1355,2022-08-03,2,8,5880.0,8
1356,2022-08-04,3,8,1530.0,3
1357,2022-08-05,4,8,900.0,3
1358,2022-08-06,5,8,2300.0,5
1359,2022-08-07,6,8,1950.0,5
1360,2022-08-08,0,8,2630.0,4
1361,2022-08-09,1,8,400.0,1
1362,2022-08-10,2,8,850.0,3
1363,2022-08-11,3,8,1650.0,3
1364,2022-08-12,4,8,1050.0,2
1365,2022-08-13,5,8,1800.0,4
1366,2022-08-14,6,8,2470.0,5
1367,2022-08-15,0,8,830.0,3
1368,2022-08-16,1,8,1330.0,4
1369,2022-08-17,2,8,400.0,2
1370,2022-08-18,3,8,1350.0,4
1371,2022-08-19,4,8,2830.0,5
1372,2022-08-20,5,8,2280.0,7
1373,2022-08-21,6,8,1680.0,5
1374,2022-08-22,0,8,350.0,2
1375,2022-08-24,2,8,600.0,3
1376,2022-08-25,3,8,1080.0,4
1377,2022-08-26,4,8,1310.0,5
1378,2022-08-27,5,8,800.0,4
1379,2022-08-28,6,8,1900.0,3
1380,2022-08-29,0,8,600.0,3
1381,2022-08-30,1,8,1780.0,6
1382,2022-08-31,2,8,2550.0,6
1383,2022-09-01,3,9,1000.0,4
1384,2022-09-02,4,9,600.0,2
1385,2022-09-03,5,9,500.0,1
1386,2022-09-04,6,9,1750.0,4
1387,2022-09-05,0,9,1200.0,3
1388,2022-09-06,1,9,2500.0,5
1389,2022-09-07,2,9,2880.0,5
1390,2022-09-08,3,9,500.0,1
1391,2022-09-09,4,9,1130.0,3
1392,2022-09-10,5,9,2600.0,6
1393,2022-09-11,6,9,3000.0,6
1394,2022-09-12,0,9,200.0,1
1395,2022-09-13,1,9,1130.0,2
1396,2022-09-14,2,9,1150.0,5
1397,2022-09-15,3,9,1200.0,4
1398,2022-09-16,4,9,1300.0,4
1399,2022-09-17,5,9,3000.0,6
1400,2022-09-18,6,9,2230.0,4
1401,2022-09-19,0,9,1630.0,3
1402,2022-09-20,1,9,450.0,2
1403,2022-09-21,2,9,350.0,3
1404,2022-09-22,3,9,900.0,3
1405,2022-09-23,4,9,4540.0,10
1406,2022-09-24,5,9,2360.0,5
1407,2022-09-25,6,9,800.0,1
1408,2022-09-26,0,9,400.0,2
1409,2022-09-27,1,9,1500.0,4
1410,2022-09-28,2,9,0.0,1
1411,2022-09-29,3,9,500.0,2
1412,2022-09-30,4,9,700.0,2
1413,2022-10-01,5,10,4500.0,5
1414,2022-10-02,6,10,1850.0,5
1415,2022-10-03,0,10,600.0,2
1416,2022-10-04,1,10,1200.0,6
1417,2022-10-05,2,10,1100.0,3
1418,2022-10-06,3,10,3050.0,5
1419,2022-10-07,4,10,1850.0,4
1420,2022-10-08,5,10,2780.0,5
1421,2022-10-09,6,10,2650.0,4
1422,2022-10-10,0,10,1500.0,3
1423,2022-10-11,1,10,2250.0,6
1424,2022-10-12,2,10,1200.0,2
1425,2022-10-13,3,10,400.0,2
1426,2022-10-14,4,10,2460.0,8
1427,2022-10-15,5,10,1730.0,4
1428,2022-10-16,6,10,800.0,3
1429,2022-10-17,0,10,2400.0,6
1430,2022-10-18,1,10,5000.0,2
1431,2022-10-19,2,10,2950.0,6
1432,2022-10-20,3,10,3100.0,5
1433,2022-10-21,4,10,2560.0,5
1434,2022-10-22,5,10,2100.0,3
1435,2022-10-23,6,10,950.0,2
1436,2022-10-24,0,10,1100.0,2
1437,2022-10-25,1,10,5100.0,4
1438,2022-10-26,2,10,2000.0,5
1439,2022-10-27,3,10,400.0,1
1440,2022-10-28,4,10,850.0,3
1441,2022-10-29,5,10,700.0,3
1442,2022-10-30,6,10,400.0,1
1443,2022-10-31,0,10,200.0,1
1444,2022-11-01,1,11,1100.0,3
1445,2022-11-03,3,11,1200.0,3
1446,2022-11-04,4,11,3590.0,7
1447,2022-11-05,5,11,1880.0,6
1448,2022-11-06,6,11,2550.0,4
1449,2022-11-07,0,11,1230.0,3
1450,2022-11-08,1,11,1600.0,3
1451,2022-11-09,2,11,0.0,1
1452,2022-11-10,3,11,1650.0,6
1453,2022-11-11,4,11,2800.0,4
1454,2022-11-12,5,11,3030.0,7
1455,2022-11-13,6,11,3250.0,5
1456,2022-11-14,0,11,400.0,1
1457,2022-11-15,1,11,850.0,2
1458,2022-11-16,2,11,2050.0,4
1459,2022-11-17,3,11,2300.0,3
1460,2022-11-18,4,11,950.0,2
1461,2022-11-19,5,11,2250.0,6
1462,2022-11-20,6,11,2230.0,6
1463,2022-11-21,0,11,2500.0,6
1464,2022-11-22,1,11,400.0,1
1465,2022-11-23,2,11,1950.0,3
1466,2022-11-24,3,11,2150.0,5
1467,2022-11-25,4,11,4830.0,7
1468,2022-11-26,5,11,4250.0,9
1469,2022-11-27,6,11,4180.0,9
1470,2022-11-28,0,11,1050.0,3
1471,2022-11-30,2,11,1750.0,4
1472,2022-12-01,3,12,1000.0,3
1473,2022-12-02,4,12,2500.0,3
1474,2022-12-03,5,12,2180.0,6
1475,2022-12-04,6,12,900.0,3
1476,2022-12-05,0,12,800.0,2
1477,2022-12-06,1,12,950.0,3
1478,2022-12-07,2,12,1600.0,6
1479,2022-12-08,3,12,1550.0,4
1480,2022-12-09,4,12,3700.0,6
1481,2022-12-10,5,12,5780.0,11
1482,2022-12-11,6,12,500.0,2
1483,2022-12-12,0,12,400.0,1
1484,2022-12-13,1,12,4140.0,5
1485,2022-12-14,2,12,1700.0,3
1486,2022-12-15,3,12,1100.0,3
1487,2022-12-16,4,12,1350.0,3
1488,2022-12-17,5,12,1930.0,4
1489,2022-12-18,6,12,5570.0,7
1490,2022-12-19,0,12,1150.0,3
1491,2022-12-20,1,12,3430.0,5
1492,2022-12-21,2,12,1700.0,5
1493,2022-12-22,3,12,700.0,3
1494,2022-12-23,4,12,2160.0,3
1495,2022-12-24,5,12,4180.0,8
1496,2022-12-25,6,12,2350.0,2
1497,2022-12-26,0,12,600.0,2
1498,2022-12-27,1,12,2950.0,6
1499,2022-12-28,2,12,3110.0,5
1500,2022-12-29,3,12,4600.0,5
1501,2022-12-30,4,12,5730.0,8
1502,2022-12-31,5,12,450.0,3
1503,2023-01-01,6,1,15210.0,9
1504,2023-01-02,0,1,2350.0,6
1505,2023-01-03,1,1,1300.0,5
1506,2023-01-04,2,1,1300.0,3
1507,2023-01-05,3,1,650.0,2
1508,2023-01-06,4,1,1600.0,3
1509,2023-01-07,5,1,1850.0,4
1510,2023-01-08,6,1,2150.0,4
1511,2023-01-09,0,1,1710.0,5
1512,2023-01-10,1,1,1250.0,3
1513,2023-01-11,2,1,1200.0,3
1514,2023-01-12,3,1,1960.0,5
1515,2023-01-13,4,1,2200.0,8
1516,2023-01-14,5,1,4860.0,9
1517,2023-01-15,6,1,4800.0,10
1518,2023-01-16,0,1,3400.0,7
1519,2023-01-17,1,1,1100.0,6
